{"cameraMode":{"drawMode":0,"name":"Shaded","section":"Shading Mode"},"sceneLighting":false,"audioPlay":false,"sceneViewState":{"m_AlwaysRefresh":false,"showFog":true,"showSkybox":true,"showFlares":true,"showImageEffects":true,"showParticleSystems":true,"showVisualEffectGraphs":true,"m_FxEnabled":false},"in2DMode":false,"pivot":{"x":-1.190546989440918,"y":28.884668350219728,"z":-0.45925474166870119},"rotation":{"x":0.023900792002677919,"y":-0.9710159301757813,"z":0.21092432737350465,"w":0.10999243706464768},"size":13.5766019821167,"orthographic":false}